Mete_SPI_DPRK,Mete_SPI_ROK,Agri_CSIF_DPRK,Agri_CSIF_ROK
-1.009054273,-1.572535543,1.579804182,3.54050231
-1.013428628,-1.56710695,4.058112621,-1.469066024
-1.010908296,-1.572216597,4.13361454,-1.507732391
-1.007721485,-1.579283152,4.938001156,-3.671956778
-1.007679456,-1.579827982,5.393389225,3.270044565
-1.00636914,-0.637247866,6.586589813,0.83951509
-1.005307233,-1.579873152,4.249227047,-3.53662467
-1.014312506,-1.577147988,7.515979767,-0.744015813
-1.011079232,-1.582298988,-0.87664187,3.305217981
-1.007177365,-0.314269695,2.168773651,-1.038760781
-1.004408134,-1.569022399,3.684665918,3.168469906
-1.005744898,-1.583173596,6.893584251,-8.309383392
-1.01603868,-1.586807717,3.444041014,-0.25708577
-1.013030552,-0.295536122,0.353893131,-8.37094593
-1.01131303,-1.590057367,0.429152697,-6.986834526
-1.007917988,-1.594761789,2.675744057,4.310382366
-1.009377654,-1.597720534,1.266670346,7.857813358
-1.008921623,-0.296210495,3.320930719,3.615560055
-1.009095325,-0.495054081,8.402551651,0.801181912
-1.018978626,-0.722567213,20.77546501,4.342425823
-1.018398988,-0.752987134,3.666468859,2.899148941
-1.017541391,-1.587268968,5.20336628,-2.364198923
-1.016663797,-1.596266699,1.613050818,2.486647844
-1.015282944,-1.601581839,1.381003141,10.71274948
-1.014086618,-1.604514599,2.705824375,13.80745792
-1.015966058,-1.615993333,-2.985228539,7.142963409
-1.014058696,-1.616383988,2.316336393,4.577051163
-1.023259997,-0.305339963,7.364673138,-2.285013914
-1.017431206,-0.48060956,-2.469054937,2.637231588
-1.020833945,-0.601009821,2.813215256,2.886202335
-1.02273652,-0.622054015,3.149241686,1.210235238
-1.018272889,-0.721981758,2.359647989,3.830066919
-1.021398193,-0.752024792,0.804578304,-2.281226158
-1.019061923,-0.784574004,-4.455940247,0.708915472
-1.017641914,-0.823174959,-8.143133163,2.412888527
-1.01681149,-0.856915767,-4.329221725,-2.772464037
-1.021250582,-0.893283868,-1.249783278,5.428570747
-1.020289866,-1.013776302,1.872704625,0.629617035
-1.024752396,-1.577400184,1.063379407,5.5637393
-1.026399928,-1.606639377,3.872590303,-1.711776733
-1.023038146,-1.613473399,-1.878666639,11.59514999
-1.037221432,-0.177726759,1.409409761,-1.333157778
-1.02557299,-0.200184235,-1.607350707,-1.016153336
-1.021885365,-0.238118109,0.645158827,3.355520248
-1.026243043,-0.314850133,2.064609766,-2.491738796
-1.030208001,-0.429514204,1.580542445,-0.416984528
-1.032792077,-0.488872191,3.392904282,-1.195076942
-1.040998989,-0.519185019,6.780351162,-0.133621782
-1.04816121,-0.547893303,3.15522027,8.452531815
-1.172353208,-0.576919724,-5.697723389,6.108119011
-1.175280404,-0.605699942,-7.185575962,6.439379692
-1.05615831,-0.64988879,-3.24191165,5.038639545
-1.060372651,-0.720574141,-2.396870136,7.170281887
-1.062034905,-0.771977978,0.429874212,-1.26809299
-1.047444463,-0.784381705,1.540331006,-3.754673004
-1.175714822,-0.821571791,2.764045715,2.08038187
-1.090074658,-0.85527577,-0.76725924,2.680540323
-1.076258643,-0.892153333,-3.339151621,2.228271008
-1.180140495,-1.482829648,10.82687855,5.58475399
-1.100028765,-1.543951697,-7.867971897,7.298018456
-1.091014225,-1.560036272,-5.643661499,10.36657047
-1.082636368,-1.573634442,-5.114332199,5.719659328
-1.083727837,-1.584950018,1.936596036,-10.05169773
-1.187253118,-1.594327382,-6.476094723,-4.372387886
-1.184325874,-1.60361702,4.480998993,-0.889225245
-1.20301434,-1.611135138,-10.87248516,-1.420083284
-1.117052172,-1.619372717,-8.71076107,0.594811857
-1.104474976,-1.626598251,-8.302583694,4.39226675
-1.060160518,-1.639509063,4.953605652,-11.48689556
-1.191628492,-0.202594042,-5.764791965,-0.023602141
-1.203172684,-0.23879906,-7.890462875,-0.542453945
-1.206718807,-0.321124123,-15.7223711,-4.223340511
-1.138535875,-0.399705284,-6.186407089,4.775025368
-1.129406087,-0.442552896,-6.916796684,2.141358852
-1.117136444,-0.472550104,-7.157634258,2.222149372
-1.244399607,-0.557045814,-0.916397154,-4.18678236
-1.227156496,-0.583865088,-6.741729736,4.46833086
-1.210471374,-0.609611621,-16.77758217,15.21395874
-1.151584953,-0.754182122,-5.123517513,-4.035508156
-1.141782975,-0.782425157,-5.462753773,-0.976845026
-1.249105501,-0.819749659,-7.958836079,-2.627745152
-1.232538891,-0.856118537,-6.167003632,-0.355397165
-1.221618897,-0.883435505,-10.59375858,6.018871784
-1.205203295,-1.439859477,-4.96718359,3.69335413
-1.212934911,-1.467886847,-7.543414593,3.765757084
-1.213272616,-1.489401221,-11.59076118,5.045947075
-1.214244118,-1.509088755,-10.62031651,3.797431231
-1.217674553,-1.528834742,-24.12479401,7.810725212
-1.160693228,-1.546971142,-1.076230407,12.50001812
-1.155775487,-1.563507165,0.618461013,4.031927586
-1.127928495,-1.576638277,0.567281663,4.708432198
-1.125895033,-1.587585592,3.387673378,0.981706679
-1.250416998,-1.596469201,-2.240676641,7.800927639
-1.228792304,-1.604791241,-9.922772408,12.44063568
-1.206386793,-1.618925897,-1.042467594,2.366004229
-1.206666601,-1.625834935,-5.145043373,5.991449356
-1.207955837,-1.633802521,1.155812383,2.575109959
-1.214768595,-1.641655102,-11.48247719,1.090961576
-1.216969503,-1.566951454,-15.86837482,-10.9913702
-1.219477266,-1.558579491,-14.36680126,-10.55586433
-1.223484521,-1.543650677,-14.52789783,-1.582340956
-1.226985852,-0.320075989,-19.76215935,5.650292397
-1.161142294,-0.45716238,0.812976599,-4.645473957
-1.148445489,-0.485837498,-2.499320984,-5.268743992
-1.143915906,-0.538908795,4.483784676,-3.588328362
-1.143265724,-0.565060279,2.613362312,-2.010500431
-1.135078621,-0.580578977,1.850442529,-0.535779715
-1.132128587,-0.613994032,-0.951007307,-1.186299801
-1.130500461,-0.677171439,6.400174618,-0.355613053
-1.121574402,-0.690756822,6.695402622,1.429018378
-1.288342357,-0.79082588,-6.837170601,8.489955902
-1.272604858,-0.817571715,-8.652663231,4.737578869
-1.249769206,-0.854741958,-4.226085186,2.394979715
-1.243142948,-0.877893579,-16.73674202,8.887989998
-1.218543732,-0.955335706,-9.049106598,21.26629448
-1.210804776,-1.379038602,0.923300982,9.08817482
-1.210237598,-1.396670985,1.733550549,8.111198425
-1.210620499,-1.441962975,0.274372846,15.73480988
-1.214729232,-1.468432581,-8.646238327,8.992984772
-1.212214121,-1.490067172,-15.12827301,9.953495979
-1.213442367,-1.510382652,-7.707395554,4.529669762
-1.218307937,-1.530304348,-8.72205925,12.03751183
-1.224054652,-1.548567671,-5.798879623,3.925956488
-1.227918155,-1.565201902,-3.90896225,5.203279018
-1.231191101,-1.577789366,-9.442575455,7.994208813
-1.235557419,-1.590280831,-8.531302452,4.390905857
-1.190783303,-1.635179609,-3.541873455,6.302111149
-1.181019932,-1.640978426,-6.035967827,2.171504974
-1.172069364,-1.649103606,-4.500859261,1.279333591
-1.160704561,-1.572091341,-1.126371861,-24.11323547
-1.153568029,-1.569994211,2.178576231,-12.58339405
-1.137614012,-1.556770474,1.352406144,-3.523141861
-1.290522516,-0.26548782,-7.859302521,7.887179375
-1.283644458,-0.519438856,-4.223273277,0.880339086
-1.27158679,-0.555170634,3.891838551,0.741122067
-1.25122081,-0.572872315,-5.002867699,4.893293858
-1.247231364,-0.578944677,-7.208509445,-7.514585018
-1.2207214,-0.693499262,-11.31753922,3.099553585
-1.206590652,-0.700237288,-1.911987782,1.577192068
-1.21077832,-0.816229403,-0.578662038,2.047420979
-1.21077832,-0.849502311,2.304196596,-0.105502345
-1.219646168,-0.893872435,-13.67786503,6.095313549
-1.221363783,-0.936319781,-6.514564991,6.775013447
-1.22029294,-1.002266204,-6.283798695,1.019823551
-1.22614522,-1.033402106,-2.623702765,-1.266888976
-1.231454859,-1.077671039,-1.983511567,-4.057969093
-1.235169747,-1.237312198,-1.346577287,-0.962329328
-1.240666924,-1.264941869,-7.657484531,1.218308568
-1.240822932,-1.307669183,-11.92436409,-4.086988449
-1.239746159,-1.337297361,-5.233266354,-1.578430057
-1.202386839,-1.373252255,-5.073331833,10.71873665
-1.193687433,-1.473006787,-7.553750038,12.03667641
-1.188337669,-1.510527909,-1.228084803,4.373625755
-1.284605551,-1.535164219,-2.814834356,5.864011765
-1.270137984,-1.550435934,-6.879034996,12.22428417
-1.228896916,-1.567861924,-14.44668865,1.129320264
-1.228896916,-1.581101637,-7.229247093,2.107593298
-1.212194002,-1.595771492,-8.442387581,-6.752139091
-1.214668638,-1.60724256,5.162696838,-7.845005035
-1.226570308,-1.619797459,-17.53871918,0.13002716
-1.226291353,-1.641224608,-8.920649529,1.755638838
-1.231555259,-1.657297596,-5.531179428,2.967280626
-1.241580784,-1.596394062,0.45966351,-12.61698055
-1.24614532,-1.544313669,-0.429313332,1.989016771
-1.249947333,-1.530923724,-6.028594971,3.46551156
-1.249088556,-0.269474307,-6.856772423,3.873533249
-1.24802295,-0.306224872,-9.135092735,6.75699234
-1.243581647,-0.351357847,-12.46474075,3.432429075
-1.231122196,-0.373846552,-7.869417667,3.056144714
-1.224981332,-0.447877347,6.357486248,-0.177050322
-1.213020277,-0.449963015,-1.703466058,4.151826859
-1.203516424,-0.556707951,-8.793894768,2.147347689
-1.195354807,-0.579035261,-3.372295856,1.654396772
-1.188114649,-0.601355147,4.596161366,5.840220928
-1.161644554,-0.627887517,-5.639982224,14.07078934
-1.289223703,-0.649044585,-5.841878891,1.537697911
-1.277093617,-0.669319859,3.085481644,5.645687103
-1.205314204,-0.680775964,-9.685816765,4.540741444
-1.209425092,-0.892136395,-6.043323517,0.196061701
-1.212882673,-0.926491756,-16.49302483,5.686470509
-1.215458663,-0.964815945,-10.90767574,0.332518011
-1.216259599,-1.001486307,0.605361998,-3.798075199
-1.225512838,-1.039208484,-7.651736736,-3.490487337
-1.231373681,-1.078541956,-7.293262005,-2.453136444
-1.237311627,-1.238895988,-6.665564537,3.329734087
-1.24193055,-1.266846784,-8.737669945,-8.72337532
-1.252110107,-1.300337679,-4.703902245,1.793211818
-1.255257722,-1.337911129,-4.354482174,-0.931355834
-1.258536571,-1.37392751,-6.082352161,10.68492794
-1.256920962,-1.388936818,-6.89546442,7.805302143
-1.252184629,-1.445205927,-6.580537796,8.825907707
-1.250650423,-1.492446423,-11.73649406,6.240550518
-1.249590088,-1.538941288,-15.47669697,2.924059153
-1.246573434,-1.55230165,-19.01753807,9.064775467
-1.24513165,-1.569346373,-19.06321716,6.081524372
-1.238602992,-1.592306926,-8.39862442,1.833476543
-1.233997307,-1.599314368,2.543327332,1.093794584
-1.229035319,-1.612733972,-3.746980429,-2.257616997
-1.222566382,-1.624011753,5.267868996,-6.18423605
-1.213141721,-1.635814543,-3.577544212,-6.589965343
-1.207809887,-1.645964526,-7.087153435,-2.26385355
-1.187490292,-1.655974776,2.955370665,-2.606341362
-1.174733728,-1.665879048,-5.439007282,2.055806875
-1.165083032,-1.698511845,-7.751666546,3.269159555
-1.152298962,-1.702106159,4.672486782,-0.48169446
-1.335586035,-1.611072236,-1.735950708,-5.654483318
-1.293487024,-1.604976053,-11.17992496,-5.29069376
-1.28150152,-1.57840142,5.267101288,-12.78754425
-1.237091541,-1.570839244,-3.085741043,-4.801161289
-1.205808034,-1.562814597,-18.29862976,-9.971104622
-1.21029917,-1.553631806,-19.41965485,2.62901926
-1.21461597,-1.542515481,-25.98209381,-1.741482615
-1.216331711,-0.417576998,-6.930384636,-1.814584136
-1.217152474,-0.483823382,-2.060264826,-2.676232338
-1.227573383,-0.587004364,-14.41360283,3.227282286
-1.237792271,-0.604289525,-8.437627792,5.221894264
-1.243686358,-0.62726863,-15.47694397,3.119362831
-1.24900822,-0.71082831,-13.77932644,3.777590036
-1.257478302,-0.736944194,-8.051370621,6.169334888
-1.261323323,-0.775626357,-10.54931736,8.265823364
-1.266667602,-0.926673515,-2.708542109,1.740414381
-1.264426663,-0.964143784,0.689583063,-1.177428603
-1.260708368,-1.000666404,-6.746779919,-0.632351577
-1.258055927,-1.041798962,-11.99026489,-2.830811739
-1.255355325,-1.079438434,-13.8722477,-4.224237442
-1.252626804,-1.178667907,-13.45445728,5.179750919
-1.25051165,-1.239357587,-10.14451408,-1.527414441
-1.248573971,-1.266478068,-13.81820583,0.452359229
-1.247350477,-1.340339174,-12.53576183,6.73762989
-1.242515463,-1.376010948,-4.765126705,7.150557995
-1.239431386,-1.411233981,-5.095991611,9.887166977
-1.232137702,-1.445089767,-7.625427246,4.343478203
-1.225932533,-1.523450136,-13.18724442,3.428530216
-1.219475647,-1.535872141,-7.832582951,7.58075285
-1.217525932,-1.554021716,-2.846596241,7.193073273
-1.196611905,-1.584102964,-6.451557636,4.056507587
-1.196374336,-1.601669669,-1.891015291,8.548462868
-1.177275103,-1.616966901,-3.533501148,-2.57887578
-1.170187451,-1.624895686,-3.902796507,-2.469344616
-1.15353967,-1.639043783,5.859074116,-4.088800907
-1.314582884,-1.649579636,-8.816226006,-0.688798845
-1.300685991,-1.659365493,-5.330760956,-3.844074965
-1.285115618,-1.670499996,5.099738121,-0.882283807
-1.270432093,-1.695871843,-5.203359127,3.760383844
-1.256705735,-1.683474064,-3.885747194,-5.823509216
-1.246006191,-1.683642054,-2.307113409,-2.865831375
-1.203769159,-1.653127053,-19.26368332,16.40953255
-1.209362769,-1.639999163,-26.37296104,-4.607135773
-1.213176398,-1.633527386,-33.45316315,2.912440538
-1.217097237,-1.59462868,-19.9088192,-2.915732145
-1.218981106,-1.580948272,-13.47161961,-1.196156859
-1.221931622,-1.573873155,-13.06619072,0.636853695
-1.228015935,-1.564851922,-17.70102882,-1.805009127
-1.233769302,-1.554790115,-22.14207268,1.946038008
-1.238528861,-0.445729182,-12.90572548,2.64530611
-1.24757759,-0.469813718,-19.71690559,3.157980204
-1.252261633,-0.604208529,-19.74280357,8.76824379
-1.258749797,-0.642155159,-8.779003143,1.375076056
-1.265532038,-0.642155159,-15.33381557,2.983603716
-1.270545843,-0.710882008,-9.208185196,-1.358775377
-1.268807607,-0.732631588,-2.194816589,8.40762043
-1.263258022,-0.93627358,-8.738996506,-0.966212392
-1.261662558,-0.965977507,-5.280288219,2.802236795
-1.257558703,-0.988022095,-12.37796974,1.977062941
-1.255892066,-1.051844597,-6.573535442,-1.786472917
-1.254961067,-1.08340266,-8.63571167,-5.996413708
-1.252364326,-1.121981268,-7.450714588,-4.573768139
-1.253256649,-1.160777555,-11.97966957,0.233597994
-1.25054618,-1.199062324,-4.539217949,7.579628944
-1.246789886,-1.235626484,-1.802028537,2.447312117
-1.242676446,-1.271508647,-4.972058773,1.248401284
-1.237934625,-1.307284839,-8.393286705,6.723048687
-1.232234955,-1.344263707,-7.928042889,4.76103735
-1.222864289,-1.379886758,-7.691240788,6.282719612
-1.217714859,-1.448711736,-8.0809412,6.431178093
-1.172481167,-1.475762795,0.996863246,5.771838188
-1.335258069,-1.541911006,-3.881980419,6.392980576
-1.302143657,-1.553977721,4.837445736,13.7839222
-1.28921026,-1.593286244,3.704241753,11.78880978
-1.270783902,-1.602034467,-3.625642538,6.6214118
-1.258271308,-1.612938673,-6.363044262,3.628075123
-1.20379402,-1.625369239,-22.79665184,-3.340269804
-1.208332633,-1.639963341,-34.40055847,-5.694869518
-1.21193122,-1.653840164,-24.22588921,0.242762715
-1.217239691,-1.661341637,-24.55480957,1.149284244
-1.221531912,-1.698646098,-18.38658142,-4.881074429
-1.225962061,-1.705115187,-19.78508186,-8.030560493
-1.231856469,-1.70809844,-14.3462019,-6.782196999
-1.238683639,-1.713392353,-17.02084541,-4.356693268
-1.246312202,-1.685153961,-14.7088871,-7.219495296
-1.252427107,-1.651278625,-12.70574474,-8.66258812
-1.25795439,-1.605092406,-7.562105179,5.799090862
-1.263920617,-1.593608277,-10.32239819,4.340553284
-1.268300834,-1.588616582,-12.48105621,0.408411056
-1.267891353,-1.562005043,-5.496887684,0.556640565
-1.264177841,-1.553785678,-3.73139143,1.404014826
-1.2603079,-0.434930658,-4.169470787,0.462367743
-1.259314495,-0.603860974,-3.050742626,9.101864815
-1.257528106,-0.678626418,-7.043087006,3.116557837
-1.25708719,-0.732398862,-0.735901773,5.618266106
-1.257748556,-0.979208004,-8.417330742,0.025727447
-1.256306227,-0.998095945,-10.93098164,0.766206145
-1.255301268,-1.043419361,-6.570992947,1.009908676
-1.254793787,-1.086988276,-2.966377735,-2.608911753
-1.251087732,-1.124607456,-10.07520866,-5.218575478
-1.247008252,-1.164538717,-12.35305691,-6.515459061
-1.243298874,-1.201826155,-7.140001297,-3.158779383
-1.237334281,-1.239298511,-5.203296661,-5.313399792
-1.230784849,-1.275905728,-8.131325722,-4.820569515
-1.220299535,-1.311622745,1.590404987,6.239954472
-1.197021449,-1.34860304,-6.761369228,9.783218384
-0.97423023,-1.384243786,34.20058441,5.236332417
-1.304715812,-1.419409388,0.386227399,7.400958061
-1.292168546,-1.440538365,-0.211885616,10.1287365
-1.261044264,-1.480636501,-12.02034473,2.714488268
-1.19337821,-1.49949649,-11.54761791,6.024104118
-1.196154445,-1.59275884,-20.23539925,7.217167854
-1.203577417,-1.602690965,-23.83455849,3.978180408
-1.207148439,-1.639198077,-19.52889061,-4.888875484
-1.215103227,-1.653090185,-29.07740021,-1.376311541
-1.219397622,-1.685705876,-33.17484665,-7.599790096
-1.226106972,-1.708689392,-31.51345062,-4.92657423
-1.228887659,-1.714665675,-17.42890167,-8.370950699
-1.230540526,-1.715756834,-20.625,-7.699832439
-1.24083395,-1.721447062,-16.3751297,-3.980597258
-1.24540202,-1.597189784,-11.42170906,6.327149391
-1.253267735,-1.563233316,-11.18745041,-4.819434643
-1.259584516,-0.467011111,-11.78899765,0.357157558
-1.265860903,-0.73318969,-8.608914375,9.458599091
-1.26567927,-0.854613304,-1.676717758,7.808828354
-1.265837646,-0.991119939,-15.40296364,-0.721593976
-1.262228936,-1.008204946,-5.949465752,-0.363447368
-1.259498376,-1.04791608,-3.550613165,2.446470261
-1.259063911,-1.088153385,-4.167688847,-1.266648412
-1.257177472,-1.128382927,-9.103563309,-2.093776226
-1.258929276,-1.167113246,-12.89419365,-3.202669144
-1.261493653,-1.204454303,-7.56984663,-4.42756176
-1.260470659,-1.243012127,-9.791874886,-7.46590519
-1.260428816,-1.27938625,-8.800714493,-5.487510681
-1.259443831,-1.315717279,-2.420747995,-4.53643465
-1.256115484,-1.352502309,-6.367062092,1.652263641
-1.256523252,-1.388992012,-3.058503628,5.24431324
-1.255623674,-1.423876612,-7.74407959,3.640639305
-1.252861875,-1.450139616,-6.519472599,13.8249054
-1.242011136,-1.484768902,-3.727751732,13.75399494
-1.221387523,-1.504651113,-3.522447109,11.48574829
-1.216941953,-1.60667944,-3.706017733,3.455286026
-1.191982991,-1.612976872,-20.24038887,-0.079963803
-1.19905102,-1.639507837,-17.48810959,-2.026429653
-1.204113311,-1.652148463,-21.75312996,1.017677307
-1.209263532,-1.664491785,-25.84642792,6.9597826
-1.216182684,-1.686589688,-32.88127136,-5.699762344
-1.222816598,-1.695770149,-30.82196617,-5.899463177
-1.226054549,-1.70227545,-18.52363968,1.593137145
-1.230423818,-1.714610028,-14.12138844,-8.745520592
-1.237828386,-1.716617951,-7.534196377,3.488558292
-1.243737231,-1.72745019,-12.97076225,6.742062569
-1.252997774,-1.563848734,-12.93130398,1.295482278
-1.259705137,-0.411701497,-12.01820755,6.463670731
-1.264071298,-0.513984382,-2.824223518,1.167788744
-1.264783188,-0.556176245,-17.8354187,0.997886181
-1.265003859,-0.632818717,-9.042034149,6.706488132
-1.263096559,-0.75908811,-2.385964394,9.357252121
-1.261517955,-0.770927779,-9.243574142,9.540745735
-1.258293039,-0.824701524,-10.11035061,2.457450628
-1.256908507,-1.008428633,-2.335967779,-1.044061065
-1.261468617,-1.04264575,-3.936598539,4.511045933
-1.263769925,-1.094488094,-3.329951525,-4.332755089
-1.264993684,-1.130939119,-7.778966427,-0.800941169
-1.265332143,-1.171674829,2.423906803,1.851457
-1.267232704,-1.208992815,0.185645312,-2.612626314
-1.265146508,-1.248225915,-0.439560354,-3.992073059
-1.264120338,-1.282602705,-7.416703224,0.178268597
-1.253991103,-1.319651965,-3.093165636,-0.486929953
-1.23396915,-1.356619407,-0.732278824,-0.259918749
-1.225917447,-1.392972982,0.170492277,1.102824211
-1.202798009,-1.429052435,0.479469448,1.691264391
-1.183305473,-1.46178115,-3.417102098,7.355736256
-1.18197185,-1.4877987,-14.64610386,13.99952316
-1.187097633,-1.517769364,-18.1931324,6.85468626
-1.192591431,-1.525864279,-19.9123764,12.49896145
-1.197721946,-1.639454286,-20.26982117,0.898255587
-1.203738128,-1.652618457,-15.8609724,3.013092279
-1.211103985,-1.665466553,-13.55963802,1.327038169
-1.216821271,-1.688185134,-15.32357407,-14.91329384
-1.223834381,-1.6982196,-13.86078262,-10.79445648
-1.227789474,-1.707046717,-7.640957355,-3.835567713
-1.234501352,-1.717032939,-10.36156559,-11.18959713
-1.241129084,-1.723228574,-11.61902046,-2.576634884
-1.255314022,-1.729598072,-12.00413418,-10.93028736
-1.259042281,-1.571808994,-14.60977173,0.989561677
-1.261836367,-0.466016412,-13.9780674,1.382773519
-1.261913886,-0.490991139,-10.13297558,0.211803645
-1.262690437,-0.767992446,-1.383063078,2.722482681
-1.260273907,-1.174119644,-11.04542923,-8.592484474
-1.255880556,-1.21381582,-8.823575974,-3.207638264
-1.26219537,-1.251995398,4.108925343,-6.620011806
-1.263230767,-1.287497306,3.520196438,1.987382531
-1.265923281,-1.32588935,-7.71250248,3.817828417
-1.27665956,-1.361854662,-7.88752079,0.423299521
-1.276265845,-1.39772808,-4.675647736,0.743729353
-1.275325173,-1.433019383,-9.596728325,-4.697407722
-1.265609903,-1.467292188,-11.53926277,0.579335928
-1.250997965,-1.492680768,-3.784541845,7.905150414
-1.283261364,-1.639294604,-6.784813881,-2.334562063
-1.188426576,-1.651510997,-8.600073814,2.711159706
-1.186402059,-1.664155531,-1.81054616,3.024641752
-1.186402059,-1.675884448,-7.776137829,-5.021203995
-1.200858951,-1.697760943,-16.40756989,-8.95513916
-1.202789959,-1.705617309,-17.79487991,-14.6997509
-1.205439533,-1.721476567,-16.86282921,-3.959825039
-1.20983541,-1.724542375,4.635229588,-3.72497654
-1.228559048,-1.731208754,-15.02069473,-6.739518166
-1.231028147,-1.583637503,-7.887890339,1.807541132
-1.240186418,-1.56006521,-9.043459892,1.86658287
-1.248222649,-0.505674231,-9.200431824,2.145862103
-1.257441878,-0.844185685,-9.537595749,5.799824238
-1.261563393,-1.231919515,-10.2799387,1.361574888
-1.265682794,-1.254845974,-7.582377911,-1.731010199
-1.268236065,-1.293036819,-8.770923615,-0.093933299
-1.280596495,-1.373105052,2.348886013,-0.930533886
-1.281042695,-1.402969313,8.519918442,1.98464644
-1.283325851,-1.438960859,-5.868018627,1.064131856
-1.279892826,-1.472506807,-4.833701611,3.165888071
-1.280001581,-1.498973466,-7.403208256,3.922823906
-1.271400943,-1.512638688,-6.030269146,12.28634167
-1.249580708,-1.554840684,-7.341094494,12.56391144
-1.316136352,-1.563728023,-9.532217979,7.126762867
-1.296256895,-1.637798511,-5.352928638,-5.542218208
-1.279752469,-1.652148354,0.702697992,-7.254882336
-1.206933045,-1.662333167,-10.48093987,2.791235924
-1.220189166,-1.671998525,-16.15798378,-4.03804636
-1.222557902,-1.683731347,-15.77070999,-6.099559784
-1.239033604,-1.6937082,-12.50349236,-21.15997505
-1.259963965,-1.719444633,-10.94345093,-3.117814779
-1.270883697,-1.591373874,-16.2787056,-0.631325901
-1.272552249,-1.582860553,-11.98405647,0.09977895
-1.277192643,-0.503169417,-11.08959007,2.178040028
-1.277731515,-0.721465647,-8.672560692,8.563948631
-1.278301333,-0.773746508,-1.127044439,3.088237524
-1.278313124,-0.802667841,12.92689037,5.611999989
-1.280583018,-0.843664613,1.893750787,10.12149334
-1.282159215,-0.958589494,2.795447826,6.148593426
-1.28164138,-1.13949011,-0.997309923,-0.613099396
-1.278830957,-1.235528171,-7.837784767,-0.891117871
-1.269638717,-1.258761388,-4.179065704,5.52857399
-1.345526552,-1.295754665,-3.969862461,0.868837595
-1.328964573,-1.391117692,-7.041169643,11.10620308
-1.308733624,-1.4069556,-2.284780979,1.50987196
-1.294932961,-1.443618751,-0.061910309,0.348161727
-1.218372226,-1.476945359,-14.51995182,-0.141830072
-1.237176418,-1.50438332,-14.55073452,7.788377762
-1.232407928,-1.520144212,-9.693816185,8.452685356
-1.25545187,-1.57962755,-11.00059128,14.37561226
-1.277641177,-1.597202826,-2.232093573,7.9895401
-1.278763741,-1.626049817,-2.892426252,7.817811966
-1.281228584,-1.635782158,-9.253898621,-3.572475195
-1.286845428,-1.6496647,-10.17489338,-10.74548531
-1.28877486,-1.660853416,-6.871752262,-1.452251554
-1.287202817,-1.670543432,-7.826507092,-2.521627188
-1.283140481,-1.681160885,-14.0924387,-1.300454378
-1.284237862,-1.68979789,-6.772830963,-5.865179539
-1.285799789,-1.702563167,-7.327726841,2.441350937
-1.285805118,-1.590641856,-11.27433586,2.535706758
-1.279437065,-0.354592415,-6.834192276,12.54483891
-1.2786412,-0.741676307,-3.677473783,9.576271057
-1.272361994,-0.76090853,-6.79036665,3.838262081
-1.179025292,-0.802334294,-1.661671281,5.999742031
-1.10086289,-1.266734396,-0.795754552,-2.071406603
-1.038051844,-1.420531726,4.246459007,4.468016148
-1.371771818,-1.446357189,-7.961840153,8.553344727
-1.355960956,-1.480826054,-15.91382027,2.904495955
-1.340120151,-1.506997356,-6.76363945,4.560109138
-1.313409499,-1.524552886,-10.15286541,9.425878525
-1.30952816,-1.532222438,2.723630667,10.34289551
-1.257345068,-1.586518393,-22.96588707,10.81394958
-1.273027689,-1.590286832,-16.49992752,6.129408836
-1.289285743,-1.624016547,-4.441174507,2.608799458
-1.289467776,-1.637791858,-5.803068638,4.73788166
-1.297058439,-1.669692409,-8.295577049,13.9737196
-1.297105042,-1.679422551,-12.19084358,4.719711781
-1.296311791,-1.686472223,-10.66160965,-3.313635111
-1.287076471,-1.65393126,-2.77509284,-4.771388531
-1.28711431,-1.542274432,-9.911967278,0.298248231
-1.287448895,-0.76673444,-7.870968342,6.620304585
-1.287688659,-0.802475959,-14.50829315,4.637177467
-1.285715104,-1.441360188,-11.50471497,5.369868755
-1.286492395,-1.471271646,-9.994768143,6.338594913
-1.268125772,-1.512843392,-4.975035191,7.713831902
-1.265184344,-1.526262355,-9.62556839,17.0704155
-1.255781783,-1.623514366,-8.598519325,1.24981761
-1.099102312,-1.667829633,-4.222503185,1.358418584
-1.36786323,-1.676640056,-26.59604454,6.949369431
-1.350765799,-1.683389335,-7.885633469,-0.111682862
-1.333620226,-1.697629762,-3.455500603,4.867150784
-1.276981199,-1.631342292,-21.51051712,1.404421091
-1.304118156,-1.565525906,-9.379617691,2.629051447
-1.304409462,-1.55163232,-12.76347542,0.592651069
-1.304406412,-0.352250466,-5.941464424,4.859976768
-1.301057613,-1.031194067,5.702374458,1.466004014
-1.29569036,-1.619994164,-3.755867004,2.13142395
-1.291025527,-1.629018602,-7.842979908,5.104653358
-1.291069499,-1.635793328,-12.32380581,1.285261154
-1.291697139,-1.680839146,-10.49118996,11.34908485
-1.290094887,-1.689207345,-13.98910236,5.70262146
-1.287536246,-1.6946684,-13.30540466,-9.382416725
-1.276552296,-1.606791377,-9.358750343,4.382965088
-1.267520666,-1.591167403,-12.23211479,-1.491457105
-1.267059294,-1.573007758,-6.852766991,2.282912731
-1.248311859,-1.556483544,-4.429038048,-1.067522049
-1.23491591,-0.322852189,-3.656917334,6.414937973
-1.362854297,-0.36680257,-5.191051006,11.01581955
-1.349872172,-0.466123361,34.48999405,7.375418663
-1.335937905,-0.493443861,-0.209341347,8.164420128
-1.333183765,-0.7596176,0.692365706,-2.835121632
-1.293243301,-0.798209369,-12.85212994,-1.749915123
-1.294110566,-0.838133459,-15.87083149,6.984939098
-1.300850523,-0.923791535,-12.46171856,7.145002365
-1.31662029,-0.967933974,-8.841383934,1.495308876
-1.311385202,-0.996017236,-0.778362572,1.977961659
-1.311985731,-1.527593527,-7.834706783,3.8582232
-1.306525171,-1.60079776,-9.199581146,-13.70503902
-1.303281999,-1.61255502,-6.480996609,2.605430126
-1.296515161,-1.676250437,-12.54472351,1.432287216
-1.296453037,-1.682113539,-11.14019203,13.16806793
-1.297285161,-1.692607713,-9.408791542,13.55904388
-1.297488403,-1.698743192,-13.10142803,-10.23113441
-1.291526968,-1.700169981,-14.29178619,11.39706326
-1.288604788,-1.718684673,-16.53564644,7.029027939
-1.280141068,-1.734168291,9.680575371,3.621222496
-1.217935646,-1.734578385,-10.00423431,16.8380146
-1.115946496,-1.731830359,8.063673973,13.36458206
-0.916826367,-1.604688525,6.342756271,-1.9087888
-1.412902635,-1.596828799,-14.27559185,-3.657898188
-1.391027538,-1.558675549,-20.14520073,4.592720509
-1.377321428,-0.364165813,-2.411472082,4.757042408
-1.363162518,-0.414760813,3.227947235,2.616682768
-1.335231686,-0.436843199,0.212646723,10.02356815
-1.330487168,-0.920849448,12.03026009,-2.675000191
-1.305331781,-0.965460297,-9.377085686,-3.554469585
-1.313445103,-1.597992778,-10.19427395,-4.10633564
-1.315074315,-1.60515064,-12.84935284,7.666973591
-1.31662029,-1.609725076,-9.440855026,2.261496305
-1.320269514,-1.685292304,-9.607583046,7.072544098
-1.299495804,-1.688824552,-10.00877285,-8.833950043
-1.281119752,-1.695068538,-0.305012435,-0.973206401
-1.195700412,-1.701650363,-5.025502205,-9.488668442
-1.43682254,-1.647091866,-18.79498672,0.030583847
-1.427604377,-1.571992743,-14.41382408,3.108171225
-1.415541142,-0.50155744,-14.6055584,15.51356697
-1.40347265,-0.845453519,-15.34174252,8.283041954
-1.391668034,-1.600713232,-6.158407211,-7.225846767
-1.340010166,-1.604850743,-3.118343353,-3.187796831
-1.327464879,-1.636566162,-1.458300114,6.323480129
-1.325107586,-1.641585236,-10.54451752,12.72950459
-1.315730095,-1.648756175,-4.56388855,8.361106873
-1.301186681,-1.673647022,-11.50648499,6.722621918
-1.298434949,-1.674563766,-18.10117912,4.457850456
-0.866712183,-1.68472079,11.47794437,8.892832756
-1.428042048,-1.690060564,-10.10274792,6.344651699
-1.416720943,-1.695309821,-12.46983242,5.811132908
-1.405923157,-1.701914443,-6.637120247,5.583714008
-1.390370727,-1.580102224,-0.199206039,0.078139938
-1.340897473,-0.384181589,3.138121367,12.51078796
-1.341922259,-0.506813452,-2.315593004,12.04100609
-1.43967343,-0.876889688,-7.955388069,0.568053722
-1.430878147,-1.601033176,-11.47614384,-0.790938199
-1.422063811,-1.606341124,-9.620658875,3.718535423
-1.410574359,-1.633044422,0.378024012,-3.328270912
-1.40103476,-1.637112881,14.25351048,-6.245903969
-1.343001521,-1.64386344,-8.500606537,-1.85151422
-1.319260359,-1.652594767,-0.819459617,16.12264633
-1.218557858,-1.661814775,-10.79697418,3.288945913
-1.451636946,-1.669514024,-3.001473188,3.952901602
-1.441557162,-1.676408982,-16.78940773,0.357826918
-1.433344206,-1.68227271,-8.711248398,5.530320168
-1.425818205,-1.688384,-2.361762762,-0.284609169
-1.398868322,-1.695242133,-0.464088023,-8.675980568
-1.379653621,-1.700554121,4.022791386,4.134596348
-1.352821946,-1.716085553,-17.38582611,6.153420448
-1.217553873,-1.5850249,-7.227796078,1.705019593
-1.118977785,-0.525631135,4.827958107,-1.678305626
-1.453879344,-0.846987963,-14.24747562,0.72423476
-1.445303317,-0.877056961,-10.27141857,1.488221526
-1.297717094,-1.054194808,-18.30426216,5.567348003
-1.467835563,-1.567567587,-11.56676102,-3.004537582
-1.455757654,-1.596090376,-6.157760143,1.709570408
-1.448121607,-1.603899025,-1.709947705,4.623991489
-1.439434481,-1.613172913,1.042706966,9.460139275
-1.430207789,-1.639377117,8.917038918,4.291889668
-1.421595073,-1.653071058,5.006637096,5.834273338
-1.484544092,-1.655697294,-7.207151413,-0.817987204
-1.476252528,-1.663945508,-5.158588409,-5.001766682
-1.46624536,-1.668712275,-4.11242485,-0.956728816
-1.455538422,-1.674637489,-6.884364605,3.363343
-1.439098449,-1.682371714,-0.324225575,1.67853415
-1.43391636,-1.690239313,1.131301641,-0.135993317
-1.427002598,-1.695149976,-2.673129082,3.869940281
-1.415499623,-1.697975028,-7.997594833,7.386867046
-1.403785455,-0.507723165,-7.224394798,19.69144821
-1.494314164,-0.528177295,-11.79076099,7.148942947
-1.484100522,-0.556083913,0.180223599,4.489007473
-1.480862455,-0.878974962,-5.320940018,7.030453205
-1.431588786,-0.914145991,-6.275298119,6.912400246
-1.42385337,-1.592027903,-14.90198517,-4.811564445
-1.416220562,-1.600650233,-12.21829987,1.639806032
-1.412330008,-1.605819976,-1.330370665,1.118042469
-1.518901443,-1.647805989,2.746494055,2.25522089
-1.501294601,-1.649944997,-1.292735457,7.317935944
-1.496021223,-1.657215095,-1.967415094,-0.743382931
-1.485030799,-1.660651468,-5.548426151,-2.347860098
-1.409167123,-1.669233668,-10.22997379,2.612862587
-1.396945264,-1.678327966,-12.29502773,5.925377369
-1.390397661,-1.686072054,-13.61194801,4.438063622
-1.382737261,-1.690440053,-14.3394022,5.058939934
-1.380090511,-1.696312237,-14.05369663,-1.523689032
-1.52410323,-0.458656147,-1.588780642,8.322280884
-1.426795125,-0.480491221,-11.24379063,21.83694458
-1.406777017,-0.876884043,-0.97460866,4.443955421
-1.384505802,-1.604236364,-8.218356133,-0.117202327
-1.380689977,-1.653034627,-13.82596207,-6.408092022
-1.373124421,-1.656985521,-10.55411911,1.380633354
-1.536521733,-1.661495638,-0.372940123,10.23527145
-1.530589104,-1.689021766,3.446897984,0.677121103
-1.505180776,-0.644362032,-7.850142479,9.604260445
-1.383729935,-1.177399665,-8.320152283,-1.769189715
-1.379516512,-1.608586125,-12.67723942,0.267662764
-1.375841045,-1.653278769,-17.21255112,5.160695553
-1.379968042,-1.658300819,-6.362136841,4.045741081
-1.37398869,-1.665805674,-14.44128036,2.551482916
-1.376414158,-1.672916017,-13.892416,5.900290489
-1.376728535,-1.684222811,-2.512436152,2.174762487
-0.889606884,-1.706575036,2.938089848,0.087456502
-1.37651089,-1.688349843,-6.369718075,-1.115170836
-1.449317157,-0.574281931,1.961113811,15.48038769
-1.451803493,-0.910400178,-9.108636856,5.075639725
-1.451803493,-1.507101238,12.81339455,2.517280817
-1.431085253,-1.522619472,-0.076646782,-2.393156767
-1.503872752,-1.607910624,-4.381381035,4.923696041
-1.498442216,-1.618788033,-3.100229979,2.4862082
-1.52899425,-1.624561548,0.695969462,6.368950367
-1.512822157,-1.654030178,-8.554320335,4.897310257
-1.509299004,-1.690090275,0.746083677,-3.113670826
-1.539621538,-0.544347805,-4.897830486,12.25565052
-1.517004311,-0.569140109,-16.40780449,7.869247913
-1.510739028,-1.441722064,-16.17186546,8.214113235
-1.385298014,-1.482341974,1.683662891,-0.941360593
-1.386047516,-1.497871213,-0.764835894,0.179665998
-1.387149131,-1.602365971,-1.439286947,-2.858529091
-1.38462679,-1.60263164,1.317148566,-4.809474468
-1.382014179,-1.613333464,0.663939655,7.176462173
-1.546603477,-1.656862593,-2.691961527,7.376665592
-1.508751572,-0.536707103,-16.08711243,4.410947323
-1.390490651,-1.047862887,5.723416328,1.648213625
-1.39032257,-1.47910738,-1.786265135,6.338323593
-1.391932067,-1.691804111,-4.167315006,-6.240073204
-1.392236111,-1.691804111,3.550590754,3.214015245
-1.387706493,-1.650531888,0.583563387,2.428533554
-1.524571896,-0.547013426,-6.361740589,13.82997417
-1.516870279,-1.573506832,-6.441058636,-6.217409611
-1.399537361,-1.606938779,3.005679131,2.380937576
-1.388713259,-1.646838009,2.469457865,-3.60658741
-1.400414288,-1.642987251,11.44003201,1.100064158
-1.397880992,-0.551672312,-7.693846703,12.95115948
-1.397536596,-0.988261306,-4.981442451,-4.414988518
-1.397559466,-1.451882362,1.876538992,3.441630363
-1.391910791,-0.527365841,2.751095295,11.17620087
-1.564351362,-0.584245443,5.457429409,20.78070068
-1.40826422,-0.596854362,1.513527632,18.48886108
-1.404954267,-1.408146846,3.410472155,5.155968189
-1.40206148,-1.652586579,4.889154911,10.38227367
-1.40399152,-1.684823513,3.358633518,-0.602890909
-1.404847354,-1.657858729,1.095367312,-0.356129766
-1.405272126,-0.992925584,-3.91973567,-3.161302805
-1.403736234,-1.571566241,-3.860243559,3.739597082
-1.391737998,-1.646052206,7.662041664,-3.609251976
-1.388788873,-0.51025194,3.471201181,9.030636787
-1.383940351,-0.532095636,-2.211133003,-0.037713006
-1.371493268,-0.546081516,0.557084143,6.282426834
-1.354372054,-1.36285058,-2.605080128,-1.296926618
-1.564822431,-1.65961802,2.310969353,2.524562836
-1.478390694,-0.587599039,-4.460148811,2.10407877
-1.461469293,-0.837859869,1.238987684,16.51450348
-1.449699366,-0.969075263,1.321974277,-6.720901012
-1.41176686,-1.361023074,3.006133318,-0.432634383
-1.400635636,-1.372982234,3.46625185,7.946310997
-1.394969685,-1.393265843,1.897652268,4.715035915
-1.383930621,-1.413067687,2.774566412,4.895427704
-1.374900315,-1.442606735,-0.446641862,7.691580296
-1.367160983,-1.458670914,-11.05618286,4.929065704
-1.35762558,-1.580735624,-6.150835991,-0.596930742
-1.349872085,-0.87870574,-9.991274834,14.63537502
-1.337340214,-1.258376431,-8.436758041,2.255723715
-1.325266049,-1.283589143,-8.857334137,2.550659657
-1.313560295,-1.372306764,-2.506130934,3.470627308
-1.575905681,-1.391321558,-1.966640234,-3.048897028
-1.459311731,-1.409105183,-5.447388172,4.369215012
-1.449538504,-1.430777903,-0.24942416,3.092638731
-1.441452491,-1.450441077,1.810491204,2.003433704
-1.41309562,-1.473154193,8.08809185,1.520387888
-1.40555799,-1.478558898,1.321577787,0.834904492
-1.375256788,-1.561382794,-8.219736099,-1.911261797
-1.370086572,-1.569688672,-17.16550446,0.527163446
-1.359321237,-1.633892536,-12.28432465,1.063379765
-1.348672951,-1.618445396,-9.776895523,-0.807128847
-1.336820298,-0.546965003,-12.34925175,13.5200386
-1.32825408,-1.241732681,-5.514055729,3.164231777
-1.313771574,-1.266902938,-5.707091808,2.638250828
-1.302340496,-1.292725682,1.48157227,4.813407898
-1.567633224,-1.355185032,-2.856032372,2.560518265
-1.467180014,-1.372136106,0.762774408,3.448643684
-1.449659395,-1.396801754,8.424221039,2.122621536
-1.427644968,-1.416899492,0.164194733,2.353378534
-1.409941196,-1.438786936,7.159213066,0.55915904
-1.383122985,-1.460375792,-4.399219036,5.593342304
-1.373643208,-1.468918788,-16.98240852,9.011697769
-1.361692274,-1.558287424,-12.36636543,3.855240822
-1.354593437,-1.634539807,-6.265516281,-1.833182931
-1.343671303,-0.427252233,-2.923295498,37.62081146
-1.320057869,-0.428958559,-4.629165649,11.97321892
-1.319504261,-0.525571167,-1.799000144,3.812644005
-1.278820634,-0.57015571,-4.331069946,11.02780724
-1.269646018,-0.626790448,2.767391682,9.133795738
-0.565577865,-0.793743706,7.385519505,5.009745121
-1.568735719,-1.250943601,-3.083716869,4.766706944
-1.45114255,-1.315686542,2.641941786,3.44960165
-1.374856689,-1.328051949,1.108736515,3.847231388
-1.363522631,-1.353357638,2.743700266,5.836166859
-1.354537926,-1.373325458,-2.123219728,2.752022743
-1.341272221,-1.400374278,-6.118467808,6.758823872
-1.331551552,-1.4208021,-2.334347486,-1.14813292
-1.320672035,-1.441653055,-1.024855971,5.253386497
-1.491087556,-1.450434792,11.71786594,7.240726471
-1.498889959,-0.443030366,-2.586169243,-4.856600761
-1.51790145,-0.461236647,1.273563266,7.049977779
-1.314277568,-0.590512532,0.570781231,4.842834949
-1.532459986,-0.605818624,1.23367846,9.158294678
-1.523592299,-0.790734053,0.227811098,10.26196003
-1.325318193,-0.916141093,-0.758242309,8.969522476
-1.316672558,-1.121741664,-5.324597836,5.340391636
-1.539128138,-1.223008748,1.39458251,5.000893116
-1.333291224,-1.250032156,-6.520209789,6.578436375
-1.321356285,-1.275601078,-3.113975525,3.840132713
-1.548124027,-1.32751464,2.339661837,6.880834579
-1.319041592,-1.339140478,-5.091498852,8.985048294
-1.323120594,-1.381089041,-5.621706486,4.854941845
-1.312556446,-1.400203267,-6.679143906,8.365535736
-1.301657882,-1.421982878,-4.292667866,-1.542649865
-1.264179707,-1.431575286,-2.736907005,5.093810081
-0.272574931,-0.440031737,4.292638302,3.336117268
-1.265529752,-0.457300892,-6.011559486,11.00890541
-1.264317882,-0.571066463,-4.518475056,6.722784996
-1.235300565,-0.604026771,-8.027923584,3.227218628
-1.293632843,-0.937366951,-9.525475502,4.113131046
-1.285454267,-1.11149168,-9.538354874,8.759230614
-1.270040178,-1.174184501,-1.328805804,5.034488678
-1.252491844,-1.19610936,-9.151752472,8.299093246
-1.233873844,-1.276421309,-7.597265244,1.636234999
-1.278259069,-1.30270679,-16.26403999,-2.507568598
-1.268892461,-1.326721036,-11.60819149,2.444709539
-1.27526052,-1.371340692,-7.357893467,2.406929493
-1.265388849,-1.377623034,-5.015784264,12.24755096
-1.22014823,-1.400873601,4.553176403,-2.509999275
-1.21523605,-1.416482431,0.104118071,4.816327572
-1.244216025,-1.618719327,-0.17368266,8.010036469
-1.220255899,-0.545475638,-7.827871799,2.097707033
-1.127169609,-0.580439737,-0.230291545,13.15369797
-1.142177055,-0.613646231,12.66983986,6.040258408
-1.158470616,-0.655320197,-6.737323761,4.009355068
-1.134671569,-0.941548334,-5.027877808,-2.448246956
-1.164336598,-0.952718599,-5.930225372,-0.09312214
-1.136257339,-1.012115121,-10.37875652,2.879088163
-1.135200316,-1.121970654,-5.564105988,9.377221107
-1.138734412,-1.134660506,-12.6211729,-11.87368965
-1.104610205,-1.238795757,-7.439216614,-0.910938978
-0.92980361,-1.25069893,0.004076169,1.448532224
-0.930924628,-1.27804553,-1.263311267,-2.788219929
-0.896110952,-1.347486997,-4.066818237,7.444584846
-0.876006815,-1.35386809,1.435762048,8.736633301
-0.819516686,-1.378306848,1.138975739,0.651937246
-0.800503957,-1.392066623,-0.740251064,9.936262131
-0.769911451,-1.429977298,-2.51320672,8.355396271
-0.740451139,-1.608897567,-1.426097393,1.937884688
-0.883479705,-1.613092014,3.281462669,6.009316921
-0.855234269,-1.614001018,-1.311797142,6.558855534
-0.830180612,-0.645984787,2.298583984,4.980071545
-0.79368085,-0.677533235,0.485696226,0.292742819
-0.772056348,-0.939581513,-5.250358105,0.473270565
-0.735420442,-0.945696555,1.109037519,7.32127142
-0.880218318,-1.094463044,-9.819965363,2.371347904
-0.854480645,-1.197522011,4.248184204,1.440819979
-0.731486857,-1.223789668,-5.755060673,-0.305573374
-0.62303935,-1.323564589,3.741239309,3.488537312
-0.714507407,-1.330220673,-2.386949539,-3.368625164
-0.68484446,-1.357269818,1.976870179,2.624092817
-0.62972765,-1.368788099,-0.944513917,5.293851852
-0.839755917,-1.602413166,6.544779778,5.33918047
-0.66102751,-0.656910241,8.746847153,7.361012936
-0.579560399,-0.677347145,-0.478655249,2.507948875
-0.551077366,-0.71027402,-0.513760448,7.508298397
-0.838347328,-1.161970186,-2.195350647,3.816916704
-0.818612069,-1.307957228,2.576575518,-1.687279701
-0.788982511,-1.395070183,1.323616624,12.42118454
-0.568633497,-1.579051445,3.156157732,-0.25186488
-0.539395863,-1.588058774,-0.394068807,4.734111786
-0.329656694,-1.098291159,7.603297234,-10.30877304
-0.518294066,-1.401862502,2.238097668,0.005344506
-0.489591455,-1.56542438,-0.184084669,0.88933754
-0.4625296,-1.568425071,3.057265282,2.184836149
-0.426107949,-0.630787641,1.16140902,3.172355175
-0.421987593,-0.630787641,7.8101511,4.562668324
-0.321542382,-1.561960101,6.088580132,6.426823616
0.134355769,-1.564398587,-0.018777013,17.17570114
-0.473666028,-0.617324466,5.567760468,-1.307485223
-0.457752079,-0.63880327,-6.162833214,3.519937754
-0.418203592,-0.735836616,-0.796842515,17.43713188
-0.264899492,-0.829862773,0.722235203,0.425884783
-0.245224419,-1.017081261,6.101417542,5.095799446
0.133487336,-1.376019001,2.774402857,9.577628136
-0.445253789,-1.555951941,-2.677144766,10.10434055
-0.19951528,-1.555927855,15.96125698,6.49867487
-0.170836786,-0.551361501,3.418441534,-0.688948393
-0.155992225,-0.579213697,3.390810966,-4.375684738
0.132632248,-0.627448614,2.450721264,-4.902442932
0.156511237,-0.642214423,2.29465723,8.663369179
0.179920802,-0.731027976,5.583095074,7.196189404
0.264295131,-0.900248945,-5.886398792,-2.744357347
0.153834587,-0.551345007,7.232880592,-8.496177673
0.287561213,-0.575464189,1.046410799,-5.930538177
-0.070852265,-0.625739479,8.506524086,-7.799108505
0.19765605,-0.721439362,2.178606987,3.082918882
0.312830159,-0.892575008,2.513554811,-1.199557781
-0.032712929,-1.214052646,7.186802387,8.678713799
0.030301515,-1.512964499,6.71214962,11.44544315
0.21039157,-1.518476157,4.182053566,7.472028255
0.030301515,-0.526088673,7.445611,-5.96539402
0.20984458,-0.877647191,8.140880585,-5.773705959
0.225329243,-0.883517886,1.557556272,-7.030129433
0.285168201,-1.19094548,6.366893291,10.36920834
0.234917934,-1.206545556,3.681524038,10.23696899
0.234917934,-1.247948492,-4.747083664,14.24482346
0.284514052,-1.476436806,0.613510191,13.39970016
0.235423996,-1.495689499,-6.456398487,1.995151639
0.272540982,-0.520024869,2.84206748,-7.376111031
0.281793402,-0.543139458,6.232828617,-5.413319111
0.290217993,-1.181285799,1.41984117,8.371670723
0.241490657,-1.195768833,-4.336657047,9.210515022
0.209305525,-1.231835723,10.11375904,10.59440899
0.185501049,-1.450579524,4.97332859,5.364379883
0.196956103,-1.463529825,9.812445641,1.774467826
0.154506578,-1.464560509,7.800548553,5.761691093
0.167333279,-0.500127846,14.19385433,0.010040316
,-0.50447941,,-4.445122242
,-0.541825933,,2.997776508
,-1.170658588,,12.17848682
,-1.424165094,,-1.578544259
,-0.537724203,,18.53844643
,-0.761722684,,2.444057465
,-1.373071575,,17.05103302
,-0.663118014,,8.337368965
,-0.779794276,,-3.666911602
,-1.11561811,,3.253967047
,-0.660977727,,6.60681963
,-0.59874779,,3.890104055
,-0.60776656,,4.978738785
,-0.729234436,,-2.034201384
,-0.754141867,,-0.813513696
,-0.588965559,,5.738078117
,-0.708108628,,1.033515096
,-0.715117183,,-4.651062965
,-0.741990709,,-3.597809553
,-0.819653708,,-4.565143585
,-0.838178813,,8.35302639
,-0.657933562,,-6.890437126
,-0.676035253,,-1.958211541
,-0.695852286,,-3.283368587
,-0.737406516,,0.402787894
,-0.755666988,,-8.29433918
,-0.87256175,,6.210836411
,-0.923948436,,5.163919926
,-0.590679288,,-0.461255908
,-0.639693985,,-6.396699429
,-0.646798529,,-7.131436825
,-0.671103063,,-6.577847481
,-0.695966668,,1.055181146
,-0.837689996,,-6.155468464
,-0.849279255,,3.181324244
,-0.876246273,,-1.127357006
,-0.905377436,,3.003730297
,-0.625584483,,2.332921028
,-0.763250679,,-2.313781738
,-0.825420231,,-4.978025913
,-0.837146461,,-2.554119587
,-0.864800042,,1.406770468
,-0.881683314,,4.258462906
,-0.91783154,,15.19088078
,-1.035809994,,1.340409636
,-1.03909983,,-4.132191181
,-1.204868555,,7.112277031
,-0.986394167,,9.132166862
,-1.10887742,,4.054261208
,-1.127747059,,15.54699326
